student_id,student_name,age,major,city
1001,Ahmed Ali,21,Computer Science,Sanaa
1002,Sara Mohammed,22,Artificial Intelligence,Aden
1003,Omar Hassan,20,Information Systems,Taiz
1004,Layla Saleh,23,Computer Science,sanaa
1005,Khaled Nasser,19,Cybersecurity,Sanaa
1006,  Mona  Ahmed  ,24,Data Science,Aden
1007,Faisal Omar,150,Computer Science,Sanaa
1008,Huda Ali,,Information Systems,Taiz
1009,Ahmed Ali,21,Computer Science,Sanaa
1010,Sami Yahya,25,Cybersecurity,aden
1011,Noor Mohammed,22,Data Science,Sanaa
1012,Rami Saleh,20,Computer Science,Taiz
1013,Yousef Kamal,26,Software Engineering,Sanaa
1014,Fatima Nasser,19,Artificial Intelligence,Aden
1015,Ali Saleh,45,Cybersecurity,Sanaa
1016,Maryam Hassan,21,Data Science,Taiz
1017,Ibrahim Qasem,23,Software Engineering,Ibb
1018,Aisha Muthanna,20,Computer Science,Sanaa
1019,Hassan Alwan,17,Information Systems,Aden
1020,Salma Rashad,22,Artificial Intelligence,Ibb